PlaybackSec,EventIndex,PoseID,SourceWord,CommittedCenterSec,SubmittedWeight,SourceStrength
0.533333,0,06_Eh,hello,0.563836,0.00374575,0.74
0.55,0,06_Eh,hello,0.563836,0.74,0.74
0.566667,0,06_Eh,hello,0.563836,0.74,0.74
0.583333,0,06_Eh,hello,0.563836,0.738696,0.74
0.6,0,06_Eh,hello,0.563836,0.676192,0.74
0.616667,0,06_Eh,hello,0.563836,0.494948,0.74
0.616667,1,09_Oh,hello,0.703836,0.0397096,0.82
0.633333,0,06_Eh,hello,0.563836,0.256996,0.74
0.633333,1,09_Oh,hello,0.703836,0.221887,0.82
0.65,0,06_Eh,hello,0.563836,0.0704735,0.74
0.65,1,09_Oh,hello,0.703836,0.497445,0.82
0.666667,0,06_Eh,hello,0.563836,0.00199988,0.74
0.666667,1,09_Oh,hello,0.703836,0.728557,0.82
0.683333,1,09_Oh,hello,0.703836,0.817233,0.82
0.7,1,09_Oh,hello,0.703836,0.82,0.82
0.716667,1,09_Oh,hello,0.703836,0.82,0.82
0.733333,1,09_Oh,hello,0.703836,0.812497,0.82
0.75,1,09_Oh,hello,0.703836,0.764275,0.82
0.766667,1,09_Oh,hello,0.703836,0.660739,0.82
0.783333,1,09_Oh,hello,0.703836,0.512238,0.82
0.8,1,09_Oh,hello,0.703836,0.344515,0.82
0.816667,1,09_Oh,hello,0.703836,0.3444,0.82
0.833333,1,09_Oh,hello,0.703836,0.0740224,0.82
0.85,1,09_Oh,hello,0.703836,0.0137239,0.82
0.866666,2,24_Tongue_Th,there,0.879848,0.402526,0.42
0.883333,2,24_Tongue_Th,there,0.879848,0.42,0.42
0.9,2,24_Tongue_Th,there,0.879848,0.40036,0.42
0.916666,2,24_Tongue_Th,there,0.879848,0.219751,0.42
0.916666,3,06_Eh,there,1.00809,0.00876779,0.74
0.933333,2,24_Tongue_Th,there,0.879848,0.0274509,0.42
0.933333,3,06_Eh,there,1.00809,0.123937,0.74
0.95,3,06_Eh,there,1.00809,0.362277,0.74
0.966666,3,06_Eh,there,1.00809,0.604801,0.74
0.983333,3,06_Eh,there,1.00809,0.728564,0.74
1,3,06_Eh,there,1.00809,0.74,0.74
1.01667,3,06_Eh,there,1.00809,0.74,0.74
1.03333,3,06_Eh,there,1.00809,0.73359,0.74
1.05,3,06_Eh,there,1.00809,0.664,0.74
1.06667,3,06_Eh,there,1.00809,0.507601,0.74
1.08333,3,06_Eh,there,1.00809,0.30538,0.74
1.1,3,06_Eh,there,1.00809,0.124968,0.74
1.11667,3,06_Eh,there,1.00809,0.021751,0.74
1.3,4,12_Ww-Oo-,what,1.33718,0.000874254,1
1.31667,4,12_Ww-Oo-,what,1.33718,0.999774,1
1.33333,4,12_Ww-Oo-,what,1.33718,1,1
1.35,4,12_Ww-Oo-,what,1.33718,1,1
1.35,5,07_Aa,what,1.40842,0.00432988,0.86
1.36667,4,12_Ww-Oo-,what,1.33718,0.945263,1
1.36667,5,07_Aa,what,1.40842,0.314092,0.86
1.38333,4,12_Ww-Oo-,what,1.33718,0.425593,1
1.38333,5,07_Aa,what,1.40842,0.789074,0.86
1.4,4,12_Ww-Oo-,what,1.33718,0.0130457,1
1.4,5,07_Aa,what,1.40842,0.86,0.86
1.41667,5,07_Aa,what,1.40842,0.86,0.86
1.43333,5,07_Aa,what,1.40842,0.856312,0.86
1.45,5,07_Aa,what,1.40842,0.811225,0.86
1.46667,5,07_Aa,what,1.40842,0.698189,0.86
1.48333,5,07_Aa,what,1.40842,0.528601,0.86
1.5,5,07_Aa,what,1.40842,0.3612,0.86
1.51667,5,07_Aa,what,1.40842,0.3612,0.86
1.53333,5,07_Aa,what,1.40842,0.0511877,0.86
1.55,5,07_Aa,what,1.40842,0.00420235,0.86
1.55,6,07_Aa,can,1.57005,0.675996,0.86
1.56667,6,07_Aa,can,1.57005,0.86,0.86
1.58333,6,07_Aa,can,1.57005,0.86,0.86
1.6,6,07_Aa,can,1.57005,0.850113,0.86
1.61667,6,07_Aa,can,1.57005,0.790581,0.86
1.63333,6,07_Aa,can,1.57005,0.667109,0.86
1.65,6,07_Aa,can,1.57005,0.495979,0.86
1.66667,6,07_Aa,can,1.57005,0.3612,0.86
1.68333,6,07_Aa,can,1.57005,0.3612,0.86
1.7,6,07_Aa,can,1.57005,0.0454286,0.86
1.71667,6,07_Aa,can,1.57005,0.00351556,0.86
1.71667,7,05_Ay,i,1.73716,0.628281,0.84
1.73333,7,05_Ay,i,1.73716,0.84,0.84
1.75,7,05_Ay,i,1.73716,0.84,0.84
1.76667,7,05_Ay,i,1.73716,0.834977,0.84
1.78333,7,05_Ay,i,1.73716,0.801653,0.84
1.8,7,05_Ay,i,1.73716,0.726717,0.84
1.81667,7,05_Ay,i,1.73716,0.612321,0.84
1.83333,7,05_Ay,i,1.73716,0.471459,0.84
1.85,7,05_Ay,i,1.73716,0.3528,0.84
1.86667,7,05_Ay,i,1.73716,0.3528,0.84
1.88333,7,05_Ay,i,1.73716,0.3528,0.84
1.9,7,05_Ay,i,1.73716,0.0239022,0.84
1.91667,7,05_Ay,i,1.73716,0.00157193,0.84
1.91667,8,06_Eh,get,1.94166,0.22113,0.74
1.93333,8,06_Eh,get,1.94166,0.74,0.74
1.95,8,06_Eh,get,1.94166,0.74,0.74
1.96667,8,06_Eh,get,1.94166,0.696355,0.74
1.96667,9,20_FV,for,2.02202,0.0933484,1
1.98333,8,06_Eh,get,1.94166,0.361161,0.74
1.98333,9,20_FV,for,2.02202,0.840944,1
2,8,06_Eh,get,1.94166,0.0242051,0.74
2,9,20_FV,for,2.02202,1,1
2.01667,9,20_FV,for,2.02202,1,1
2.03333,9,20_FV,for,2.02202,1,1
2.05,9,20_FV,for,2.02202,1,1
2.05,10,10_Or,for,2.09048,0.00155162,0.22
2.06667,9,20_FV,for,2.02202,0.753013,1
2.06667,10,10_Or,for,2.09048,0.902492,0.22
2.08333,9,20_FV,for,2.02202,0.143093,1
2.08333,10,10_Or,for,2.09048,0.94,0.22
2.1,10,10_Or,for,2.09048,0.94,0.22
2.11667,10,10_Or,for,2.09048,0.939419,0.22
2.13333,10,10_Or,for,2.09048,0.9154,0.22
2.15,10,10_Or,for,2.09048,0.834789,0.22
2.16667,10,10_Or,for,2.09048,0.694295,0.22
2.18333,10,10_Or,for,2.09048,0.513533,0.22
2.2,10,10_Or,for,2.09048,0.3948,0.22
2.21667,10,10_Or,for,2.09048,0.3948,0.22
2.23333,10,10_Or,for,2.09048,0.0534181,0.22
2.23333,11,11_Oo,you,2.26873,0.0241238,1
2.25,10,10_Or,for,2.09048,0.0059315,0.22
2.25,11,11_Oo,you,2.26873,1,1
2.26667,11,11_Oo,you,2.26873,1,1
2.28333,11,11_Oo,you,2.26873,1,1
2.3,11,11_Oo,you,2.26873,0.996745,1
2.31667,11,11_Oo,you,2.26873,0.958328,1
2.33333,11,11_Oo,you,2.26873,0.859488,1
2.35,11,11_Oo,you,2.26873,0.703366,1
2.36667,11,11_Oo,you,2.26873,0.512512,1
2.38333,11,11_Oo,you,2.26873,0.42,1
2.4,11,11_Oo,you,2.26873,0.42,1
2.41667,11,11_Oo,you,2.26873,0.0506635,1
2.41667,12,11_Oo,today,2.45243,0.0157257,1
2.43333,11,11_Oo,you,2.26873,0.00532997,1
2.43333,12,11_Oo,today,2.45243,1,1
2.45,12,11_Oo,today,2.45243,1,1
2.46667,12,11_Oo,today,2.45243,1,1
2.48333,12,11_Oo,today,2.45243,0.980705,1
2.48333,13,05_Ay,today,2.57248,0.00372687,0.84
2.5,12,11_Oo,today,2.45243,0.783607,1
2.5,13,05_Ay,today,2.57248,0.119365,0.84
2.51666,12,11_Oo,today,2.45243,0.42185,1
2.51666,13,05_Ay,today,2.57248,0.400786,0.84
2.53333,12,11_Oo,today,2.45243,0.107728,1
2.53333,13,05_Ay,today,2.57248,0.693951,0.84
2.55,12,11_Oo,today,2.45243,0.00114393,1
2.55,13,05_Ay,today,2.57248,0.831995,0.84
2.56666,13,05_Ay,today,2.57248,0.84,0.84
2.58333,13,05_Ay,today,2.57248,0.84,0.84
2.6,13,05_Ay,today,2.57248,0.838103,0.84
2.61666,13,05_Ay,today,2.57248,0.821369,0.84
2.63333,13,05_Ay,today,2.57248,0.779,0.84
2.65,13,05_Ay,today,2.57248,0.708025,0.84
2.66666,13,05_Ay,today,2.57248,0.61163,0.84
2.68333,13,05_Ay,today,2.57248,0.497471,0.84
2.7,13,05_Ay,today,2.57248,0.375979,0.84
2.71666,13,05_Ay,today,2.57248,0.3528,0.84
2.73333,13,05_Ay,today,2.57248,0.3528,0.84
2.75,13,05_Ay,today,2.57248,0.3528,0.84
2.76666,13,05_Ay,today,2.57248,0.0275571,0.84
2.78333,13,05_Ay,today,2.57248,0.00443191,0.84
