start,end,phone,word,confidence,word_index,speech_region_index,phone_index,sentence_index,alignment_reason
0.000000,0.090000,W,we've,1.0,0,0,0,-1,mfa_textgrid_phone
0.090000,0.230000,IY1,we've,1.0,0,0,1,-1,mfa_textgrid_phone
0.230000,0.300000,V,we've,1.0,0,0,2,-1,mfa_textgrid_phone
0.300000,0.360000,G,got,1.0,1,0,0,-1,mfa_textgrid_phone
0.360000,0.500000,AA1,got,1.0,1,0,1,-1,mfa_textgrid_phone
0.500000,0.560000,T,got,1.0,1,0,2,-1,mfa_textgrid_phone
0.560000,0.710000,S,sandwiches,1.0,2,0,0,-1,mfa_textgrid_phone
0.710000,0.850000,AE1,sandwiches,1.0,2,0,1,-1,mfa_textgrid_phone
0.850000,0.900000,M,sandwiches,1.0,2,0,2,-1,mfa_textgrid_phone
0.900000,0.940000,W,sandwiches,1.0,2,0,3,-1,mfa_textgrid_phone
0.940000,0.980000,IH0,sandwiches,1.0,2,0,4,-1,mfa_textgrid_phone
0.980000,1.040000,CH,sandwiches,1.0,2,0,5,-1,mfa_textgrid_phone
1.040000,1.130000,IH0,sandwiches,1.0,2,0,6,-1,mfa_textgrid_phone
1.130000,1.170000,Z,sandwiches,1.0,2,0,7,-1,mfa_textgrid_phone
1.170000,1.230000,F,for,1.0,3,0,0,-1,mfa_textgrid_phone
1.230000,1.260000,R,for,1.0,3,0,1,-1,mfa_textgrid_phone
1.260000,1.310000,ER0,for,1.0,3,0,2,-1,mfa_textgrid_phone
1.310000,1.410000,F,five,1.0,4,0,0,-1,mfa_textgrid_phone
1.410000,1.610000,AY1,five,1.0,4,0,1,-1,mfa_textgrid_phone
1.610000,1.660000,V,five,1.0,4,0,2,-1,mfa_textgrid_phone
1.660000,1.710000,D,dollars,1.0,5,0,0,-1,mfa_textgrid_phone
1.710000,1.810000,AA1,dollars,1.0,5,0,1,-1,mfa_textgrid_phone
1.810000,1.880000,L,dollars,1.0,5,0,2,-1,mfa_textgrid_phone
1.880000,1.970000,ER0,dollars,1.0,5,0,3,-1,mfa_textgrid_phone
1.970000,2.040000,Z,dollars,1.0,5,0,4,-1,mfa_textgrid_phone
2.040000,2.110000,AH0,and,1.0,6,0,0,-1,mfa_textgrid_phone
2.110000,2.150000,N,and,1.0,6,0,1,-1,mfa_textgrid_phone
2.150000,2.180000,D,and,1.0,6,0,2,-1,mfa_textgrid_phone
2.180000,2.280000,CH,chips,1.0,7,0,0,-1,mfa_textgrid_phone
2.280000,2.370000,IH1,chips,1.0,7,0,1,-1,mfa_textgrid_phone
2.370000,2.420000,P,chips,1.0,7,0,2,-1,mfa_textgrid_phone
2.420000,2.470000,S,chips,1.0,7,0,3,-1,mfa_textgrid_phone
2.470000,2.540000,F,for,1.0,8,0,0,-1,mfa_textgrid_phone
2.540000,2.620000,ER0,for,1.0,8,0,1,-1,mfa_textgrid_phone
2.620000,2.740000,T,two,1.0,9,0,0,-1,mfa_textgrid_phone
2.740000,2.960000,UW1,two,1.0,9,0,1,-1,mfa_textgrid_phone
3.180000,3.220000,HH,what'll,1.0,10,1,0,-1,mfa_textgrid_phone
3.220000,3.280000,W,what'll,1.0,10,1,1,-1,mfa_textgrid_phone
3.280000,3.350000,AH1,what'll,1.0,10,1,2,-1,mfa_textgrid_phone
3.350000,3.380000,T,what'll,1.0,10,1,3,-1,mfa_textgrid_phone
3.380000,3.420000,AH0,what'll,1.0,10,1,4,-1,mfa_textgrid_phone
3.420000,3.470000,L,what'll,1.0,10,1,5,-1,mfa_textgrid_phone
3.470000,3.520000,IH0,it,1.0,11,1,0,-1,mfa_textgrid_phone
3.520000,3.550000,T,it,1.0,11,1,1,-1,mfa_textgrid_phone
3.550000,3.590000,B,be,1.0,12,1,0,-1,mfa_textgrid_phone
3.590000,3.790000,IY1,be,1.0,12,1,1,-1,mfa_textgrid_phone
